{"txn_attempts":376,"txn_successes":376,"transactions":376,"concurrency":2,"elapsed_s":3.0129782,"txns_per_s":124.79346846917113,"attempts_per_s":124.79346846917113,"success_rate_pct":100.0,"new_orders":131,"tpmC":2608.7145270417154,"p50_ms":15.788,"p95_ms":24.404,"p99_ms":27.271,"overall_latency_ms":{"p50":15.788,"p95":24.404,"p99":27.271},"err":0,"mix":"new_order=0.45,payment=0.43,order_status=0.04,delivery=0.04,stock_level=0.04","txn_log_path":"C:\\Users\\Admin\\RustProjects\\RustBD\\tpcc-local-out\\tpcc_txn.log"}
